episodes,return,hinter_loss,guesser_loss,hinter_q,hinter_qhat,guesser_q,guesser_qhat,exploration
4000,0.38125,90.69061279296875,97.24315643310547,-3.4000000953674316,-2.584956645965576,-1.7000000476837158,-2.903108596801758,0.7775834142685771
8000,0.37625,96.66905212402344,99.6230697631836,-1.7999999523162842,-2.6907217502593994,-1.5,-2.6144254207611084,0.6072767555124091
12000,0.367,90.81392669677734,92.67256164550781,-3.0,-2.991239547729492,-2.700000047683716,-2.9907171726226807,0.47683405935886203
16000,0.36475,93.41249084472656,95.95763397216797,-2.799999952316284,-2.5823354721069336,-2.299999952316284,-2.8614492416381836,0.376924301842171
20000,0.36425,96.32186889648438,92.54027557373047,-2.0999999046325684,-3.0889148712158203,-2.700000047683716,-2.7295844554901123,0.3004005872809969
24000,0.3665,98.79106140136719,103.7190933227539,-1.7000000476837158,-2.590693712234497,-0.6000000238418579,-2.5271542072296143,0.24178890574166612
28000,0.35825,87.0326919555664,92.55569458007812,-3.5999999046325684,-2.671281099319458,-2.5999999046325684,-2.632805109024048,0.19689655789148858
32000,0.368,87.7602310180664,98.21784210205078,-3.5999999046325684,-2.4778106212615967,-1.7999999523162842,-2.477393388748169,0.16251223649731428
36000,0.365,88.17131805419922,96.33625793457031,-3.200000047683716,-3.1595828533172607,-2.200000047683716,-3.2614831924438477,0.1361763103460783
40000,0.36975,93.50239562988281,97.03500366210938,-2.5999999046325684,-2.8501226902008057,-2.0,-2.8840267658233643,0.11600487818976805
44000,0.36525,88.12799072265625,92.35421752929688,-4.0,-1.9126348495483398,-2.700000047683716,-1.9953269958496094,0.10055500667585009
48000,0.365,86.82913208007812,98.93763732910156,-3.4000000953674316,-2.731344699859619,-1.5,-3.0075595378875732,0.08872151225924757
52000,0.3595,98.48861694335938,95.6511001586914,-1.100000023841858,-2.207548141479492,-2.0,-2.2615463733673096,0.07965790354369187
56000,0.354,87.62572479248047,85.54328155517578,-3.0,-2.4129445552825928,-3.5999999046325684,-3.0199620723724365,0.07271582878059893
60000,0.38325,97.0613021850586,94.23759460449219,-1.5,-2.0883893966674805,-2.299999952316284,-2.3313775062561035,0.0673986969925
64000,0.36525,93.4530258178711,91.48060607910156,-2.5999999046325684,-2.7532546520233154,-3.0999999046325684,-2.583697557449341,0.06332615507717554
68000,0.36625,93.86278533935547,96.34964752197266,-2.4000000953674316,-2.683572292327881,-2.299999952316284,-2.7245595455169678,0.06020687981505069
72000,0.36225,92.71556854248047,89.37650299072266,-2.5999999046325684,-2.3523852825164795,-3.5999999046325684,-2.3091936111450195,0.057817738496629446
76000,0.36725,91.39120483398438,88.02696990966797,-2.700000047683716,-3.0676746368408203,-3.5999999046325684,-2.8131372928619385,0.05598782745649274
80000,0.36,92.90695190429688,94.32978820800781,-2.5999999046325684,-2.7576334476470947,-2.299999952316284,-3.1184887886047363,0.054586246734165705
84000,0.3595,92.55374908447266,97.72622680664062,-2.799999952316284,-2.826631546020508,-1.7000000476837158,-2.6992669105529785,0.053512736340429835
88000,0.37175,90.83303833007812,89.97484588623047,-3.0,-2.7434873580932617,-3.200000047683716,-2.676179885864258,0.05269050430833854
92000,0.3565,83.09921264648438,87.7088851928711,-3.799999952316284,-2.8392865657806396,-3.5999999046325684,-2.951383352279663,0.05206073349424867
96000,0.36775,90.8995132446289,89.82829284667969,-2.799999952316284,-2.305417060852051,-3.4000000953674316,-2.339956283569336,0.05157837418106226
100000,0.3725,94.57157135009766,95.25994110107422,-2.5999999046325684,-2.2479774951934814,-2.0,-2.422646999359131,0.05120892151381868
104000,0.3695,93.61170959472656,90.77332305908203,-2.200000047683716,-2.474458694458008,-3.0,-2.6424198150634766,0.050925947246292416
108000,0.3795,93.37466430664062,91.88882446289062,-2.4000000953674316,-2.4720993041992188,-2.700000047683716,-2.4176013469696045,0.05070920923576608
112000,0.376,93.17938232421875,91.3510971069336,-2.4000000953674316,-2.252575635910034,-2.799999952316284,-2.0142929553985596,0.05054320345150317
116000,0.3775,91.68403625488281,93.2673568725586,-2.700000047683716,-2.7017593383789062,-2.5999999046325684,-2.551957368850708,0.050416054917003766
120000,0.37425,96.13751983642578,89.92800903320312,-1.899999976158142,-2.1753499507904053,-3.4000000953674316,-2.0889205932617188,0.050318668251249137
124000,0.37425,90.19933319091797,89.48654174804688,-3.5,-2.1233441829681396,-3.5,-2.2199301719665527,0.05024407704416882
128000,0.37125,84.90376281738281,90.71984100341797,-3.5,-2.3738863468170166,-3.200000047683716,-2.3170108795166016,0.05018694552487318
132000,0.37125,96.67608642578125,86.99602508544922,-1.600000023841858,-2.8301100730895996,-3.700000047683716,-2.594108819961548,0.050143186875230825
136000,0.36725,91.64258575439453,90.57250213623047,-2.5999999046325684,-2.3459019660949707,-3.299999952316284,-2.3705506324768066,0.05010967088542117
140000,0.36475,93.27723693847656,93.01374816894531,-2.0999999046325684,-2.19962739944458,-2.5999999046325684,-2.5539963245391846,0.05008400003903762
144000,0.37525,90.2844009399414,95.32910919189453,-2.700000047683716,-2.466850519180298,-2.0999999046325684,-2.2507376670837402,0.05006433801032265
148000,0.37375,97.46610260009766,92.56729125976562,-1.7999999523162842,-2.0582196712493896,-2.799999952316284,-2.101363182067871,0.05004927830534012
152000,0.35975,91.64923095703125,93.74935913085938,-2.5999999046325684,-2.9664368629455566,-2.700000047683716,-2.807523727416992,0.05003774365052658
156000,0.3875,92.71739196777344,97.5157699584961,-2.9000000953674316,-2.0016958713531494,-1.899999976158142,-2.1752805709838867,0.05002890893153164
160000,0.3705,95.40473937988281,104.12457275390625,-1.899999976158142,-2.716958522796631,-0.8999999761581421,-2.760101079940796,0.050022142169891926
164000,0.367,99.29930877685547,94.59954071044922,-1.2999999523162842,-2.7765448093414307,-2.299999952316284,-2.8108506202697754,0.050016959315393114
168000,0.374,99.54655456542969,100.8828353881836,-2.200000047683716,-2.591090202331543,-1.0,-2.564070701599121,0.05001298962025885
172000,0.36,89.30133819580078,95.2702407836914,-3.0999999046325684,-2.649405002593994,-2.4000000953674316,-2.589451789855957,0.05000994911826085
176000,0.37175,87.43560791015625,94.79833221435547,-3.5999999046325684,-2.3284761905670166,-2.5,-1.921852469444275,0.05000762031161773
180000,0.36325,94.85303497314453,91.30632781982422,-2.4000000953674316,-2.984598159790039,-2.700000047683716,-2.520744800567627,0.050005836612615186
184000,0.37225,99.69489288330078,89.36986541748047,-1.5,-2.8423073291778564,-3.5999999046325684,-2.4876883029937744,0.050004470427002026
188000,0.3645,90.46623229980469,99.17477416992188,-3.0,-2.822075128555298,-1.5,-2.5349130630493164,0.050003424026725446
192000,0.36775,94.66730499267578,98.24351501464844,-2.200000047683716,-2.083547830581665,-1.5,-2.4562783241271973,0.05000262255910034
196000,0.3795,98.14627838134766,94.77613067626953,-1.399999976158142,-2.551767110824585,-2.299999952316284,-2.244936943054199,0.05000200869233398
200000,0.37575,85.30207824707031,95.29377746582031,-3.5999999046325684,-2.3594019412994385,-2.5,-2.4962716102600098,0.050001538514381653
204000,0.3765,89.51300811767578,97.90351867675781,-2.299999952316284,-2.5006463527679443,-1.399999976158142,-2.3393044471740723,0.05000117839176389
208000,0.37025,94.63459777832031,94.60406494140625,-2.0,-2.711505174636841,-2.200000047683716,-2.6463539600372314,0.05000090256364566
212000,0.37825,96.91401672363281,95.65286254882812,-1.7999999523162842,-2.4737250804901123,-2.0,-2.513014316558838,0.05000069129907339
216000,0.372,91.6478500366211,91.21863555908203,-3.0999999046325684,-2.321491241455078,-3.0,-2.250237226486206,0.050000529485550595
220000,0.384,92.52783203125,91.14659881591797,-2.4000000953674316,-2.2605724334716797,-3.200000047683716,-2.319429874420166,0.05000040554798796
224000,0.36575,88.60498046875,85.1299057006836,-3.299999952316284,-2.733858346939087,-4.300000190734863,-2.6784112453460693,0.05000031062069654
228000,0.36,94.83198547363281,99.23180389404297,-2.4000000953674316,-2.6825952529907227,-1.399999976158142,-2.4888219833374023,0.05000023791319397
232000,0.371,90.96773529052734,100.8611068725586,-3.299999952316284,-2.645806312561035,-1.5,-2.868220567703247,0.05000018222445733
236000,0.34925,85.57083129882812,87.75513458251953,-3.700000047683716,-3.079984188079834,-3.4000000953674316,-2.8193199634552,0.05000013957087581
240000,0.371,92.82254028320312,90.75898742675781,-2.700000047683716,-2.390141487121582,-3.200000047683716,-2.148008108139038,0.050000106901289
244000,0.37125,87.35228729248047,97.31474304199219,-3.200000047683716,-2.4067869186401367,-1.899999976158142,-2.402712821960449,0.05000008187872665
248000,0.3755,95.91679382324219,97.22435760498047,-2.299999952316284,-2.46073317527771,-1.399999976158142,-2.493622064590454,0.05000006271323705
252000,0.35575,98.90059661865234,89.59151458740234,-1.7999999523162842,-2.8787169456481934,-3.200000047683716,-2.8577840328216553,0.050000048033845446
256000,0.3615,90.46218872070312,99.38976287841797,-3.0999999046325684,-2.4999327659606934,-1.2000000476837158,-2.3854095935821533,0.05000003679048343
260000,0.36825,87.86817169189453,85.61601257324219,-3.299999952316284,-2.541632652282715,-4.0,-2.9239799976348877,0.05000002817887384
264000,0.36225,93.27452087402344,92.05253601074219,-2.799999952316284,-2.328670024871826,-2.9000000953674316,-2.4452600479125977,0.05000002158299802
268000,0.368,94.24658203125,91.60224914550781,-2.4000000953674316,-2.6882317066192627,-2.5999999046325684,-2.3970425128936768,0.05000001653102981
272000,0.37125,97.6822738647461,89.80210876464844,-1.7999999523162842,-3.1082375049591064,-3.200000047683716,-2.9705142974853516,0.050000012661584194
276000,0.3655,92.27644348144531,98.03779602050781,-2.700000047683716,-2.3575973510742188,-1.5,-2.0105090141296387,0.050000009697866145
280000,0.36725,91.17236328125,92.56330871582031,-3.0,-2.544106960296631,-2.5999999046325684,-2.2500410079956055,0.0500000074278705
284000,0.3635,91.65734100341797,97.40514373779297,-2.700000047683716,-2.5291740894317627,-2.0,-2.6545908451080322,0.05000000568921651
288000,0.38075,94.62922668457031,94.67999267578125,-2.200000047683716,-2.051297664642334,-2.0,-2.0598976612091064,0.05000000435753215
292000,0.37075,89.38011932373047,87.09468078613281,-3.4000000953674316,-2.387389898300171,-3.299999952316284,-2.7522919178009033,0.05000000333755736
296000,0.36025,94.98228454589844,92.28982543945312,-2.4000000953674316,-2.7438745498657227,-2.9000000953674316,-2.736912250518799,0.05000000255632976
300000,0.37375,95.85411834716797,97.26203155517578,-2.0,-2.596841812133789,-1.899999976158142,-2.5908617973327637,0.05000000195796541
304000,0.3735,101.34851837158203,89.15907287597656,-1.5,-2.3636069297790527,-3.5999999046325684,-1.9506556987762451,0.05000000149966119
308000,0.3565,82.06947326660156,87.48391723632812,-4.099999904632568,-2.733804225921631,-3.799999952316284,-2.548513412475586,0.050000001148633004
312000,0.3615,86.23807525634766,88.12730407714844,-3.9000000953674316,-2.479912042617798,-3.9000000953674316,-2.2744741439819336,0.05000000087977057
316000,0.37275,99.68314361572266,97.8260726928711,-1.5,-2.8701796531677246,-2.0,-2.607764482498169,0.050000000673841215
320000,0.3625,95.25101470947266,96.40900421142578,-2.299999952316284,-2.9993598461151123,-2.200000047683716,-2.9889676570892334,0.05000000051611408
324000,0.37525,93.91029357910156,91.80517578125,-2.200000047683716,-2.186660051345825,-2.799999952316284,-2.129089593887329,0.0500000003953064
328000,0.3625,87.71148681640625,86.96717834472656,-3.5999999046325684,-2.8681271076202393,-3.700000047683716,-2.7612175941467285,0.050000000302776376
332000,0.371,89.60111236572266,90.58132934570312,-3.5,-2.5438642501831055,-3.5999999046325684,-2.4898123741149902,0.050000000231905005
336000,0.36525,94.22205352783203,87.03535461425781,-2.5999999046325684,-2.3114068508148193,-3.799999952316284,-2.226896286010742,0.050000000177622614
340000,0.3615,84.89209747314453,91.95132446289062,-4.0,-2.5314579010009766,-2.799999952316284,-2.5630693435668945,0.0500000001360462
344000,0.37325,91.90528106689453,97.79955291748047,-3.0999999046325684,-2.22270131111145,-1.7000000476837158,-2.2560617923736572,0.050000000104201636
348000,0.359,89.96147155761719,87.68199157714844,-2.9000000953674316,-2.624074697494507,-3.5,-2.5949409008026123,0.05000000007981099
352000,0.365,99.51631164550781,91.3290786743164,-1.399999976158142,-2.7131757736206055,-2.799999952316284,-2.666257858276367,0.0500000000611295
356000,0.37975,94.89196014404297,95.42533874511719,-1.899999976158142,-2.3024494647979736,-1.7999999523162842,-2.2302048206329346,0.050000000046820814
360000,0.37875,95.4300765991211,90.42724609375,-1.899999976158142,-2.1935484409332275,-3.0,-2.3147029876708984,0.05000000003586139
364000,0.373,94.82931518554688,94.32767486572266,-1.600000023841858,-2.450258255004883,-2.299999952316284,-2.3226613998413086,0.050000000027467253
368000,0.38075,91.74597930908203,94.66098022460938,-2.0999999046325684,-1.9986721277236938,-2.4000000953674316,-2.2464401721954346,0.05000000002103795
372000,0.376,91.33123016357422,89.44562530517578,-2.299999952316284,-2.874218702316284,-3.0999999046325684,-2.4883875846862793,0.050000000016113565
376000,0.37175,95.15010070800781,92.9220962524414,-1.899999976158142,-2.2891902923583984,-2.9000000953674316,-2.358285903930664,0.05000000001234183
380000,0.383,91.5171890258789,90.50666046142578,-2.5999999046325684,-2.186897039413452,-3.0999999046325684,-2.1440513134002686,0.05000000000945296
384000,0.37125,93.31354522705078,96.20427703857422,-2.299999952316284,-2.7485790252685547,-2.0,-2.6848514080047607,0.050000000007240294
388000,0.37925,94.560546875,96.86053466796875,-2.200000047683716,-2.401155471801758,-1.7000000476837158,-2.7297418117523193,0.050000000005545546
392000,0.37525,89.73699951171875,92.91935729980469,-2.799999952316284,-2.113462448120117,-2.5999999046325684,-2.3743197917938232,0.050000000004247494
396000,0.37125,87.02904510498047,89.13848876953125,-3.5,-2.477349042892456,-3.299999952316284,-2.557107925415039,0.050000000003253275
400000,0.3595,97.21944427490234,93.759765625,-1.2000000476837158,-2.6540651321411133,-1.899999976158142,-2.3668320178985596,0.05000000000249177
404000,0.37575,90.80750274658203,92.49833679199219,-2.9000000953674316,-2.3384928703308105,-2.700000047683716,-2.4366567134857178,0.050000000001908525
408000,0.3585,93.76132202148438,94.04163360595703,-2.0999999046325684,-2.9923739433288574,-2.9000000953674316,-3.0195627212524414,0.05000000000146179
412000,0.3775,96.37064361572266,97.39270782470703,-1.399999976158142,-2.500208854675293,-2.0999999046325684,-2.4307751655578613,0.05000000000111963
416000,0.37525,91.9616928100586,90.52313232421875,-2.4000000953674316,-2.3291139602661133,-2.700000047683716,-2.3525829315185547,0.05000000000085755
420000,0.37775,91.4348373413086,88.64956665039062,-2.700000047683716,-2.185080051422119,-3.5999999046325684,-2.15219783782959,0.050000000000656825
424000,0.36475,92.74466705322266,89.99012756347656,-3.200000047683716,-2.6453065872192383,-2.5,-2.5403125286102295,0.050000000000503086
428000,0.38,90.93522644042969,98.48138427734375,-2.799999952316284,-2.4400789737701416,-1.2000000476837158,-2.4117684364318848,0.050000000000385326
432000,0.373,90.76851654052734,93.76728820800781,-2.799999952316284,-2.3726398944854736,-1.899999976158142,-2.0490617752075195,0.050000000000295135
436000,0.34825,81.11548614501953,90.7701187133789,-4.099999904632568,-2.909860610961914,-3.299999952316284,-3.1339330673217773,0.05000000000022605
440000,0.3715,91.26964569091797,94.8501968383789,-2.9000000953674316,-2.2938950061798096,-1.899999976158142,-2.2919363975524902,0.05000000000017314
444000,0.37075,96.37329864501953,89.69799041748047,-2.0,-2.5701088905334473,-3.5,-2.5481081008911133,0.05000000000013261
448000,0.3785,91.2818374633789,93.36579132080078,-2.700000047683716,-2.2209291458129883,-2.0,-2.4165754318237305,0.050000000000101574
452000,0.38025,94.14138793945312,90.77609252929688,-1.7999999523162842,-2.2080130577087402,-3.200000047683716,-2.004345655441284,0.0500000000000778
456000,0.3685,94.01276397705078,95.03331756591797,-2.0999999046325684,-2.544938564300537,-2.4000000953674316,-2.6521267890930176,0.05000000000005959
460000,0.36525,90.30853271484375,90.9107437133789,-2.9000000953674316,-2.383362054824829,-3.200000047683716,-2.5770881175994873,0.05000000000004564
464000,0.35825,93.59276580810547,94.17495727539062,-2.9000000953674316,-2.9847280979156494,-2.299999952316284,-2.849841356277466,0.05000000000003496
468000,0.361,93.84992218017578,96.44771575927734,-2.5999999046325684,-3.024047613143921,-2.0,-3.0600037574768066,0.05000000000002677
472000,0.3775,86.3182144165039,86.65176391601562,-4.0,-2.204970598220825,-3.0999999046325684,-2.4482784271240234,0.05000000000002051
476000,0.38075,89.79073333740234,89.33228302001953,-3.4000000953674316,-2.434422492980957,-3.0999999046325684,-2.543246269226074,0.05000000000001571
480000,0.36075,88.52249908447266,86.14763641357422,-3.4000000953674316,-2.5979909896850586,-3.4000000953674316,-2.9491283893585205,0.050000000000012035
484000,0.3495,90.3383560180664,92.40531921386719,-2.9000000953674316,-3.0945911407470703,-2.9000000953674316,-2.9751224517822266,0.05000000000000922
488000,0.373,88.41204071044922,98.30360412597656,-2.5,-1.9449893236160278,-1.7999999523162842,-2.446479082107544,0.05000000000000706
492000,0.38025,88.51799011230469,97.08345794677734,-2.9000000953674316,-2.3277533054351807,-1.600000023841858,-2.1803433895111084,0.05000000000000541
496000,0.3725,85.31501007080078,91.06744384765625,-3.0999999046325684,-2.396627187728882,-2.5999999046325684,-2.3143670558929443,0.050000000000004145
500000,0.3715,84.39414978027344,93.27336883544922,-2.799999952316284,-2.085803747177124,-2.200000047683716,-2.211127519607544,0.050000000000003174
504000,0.369,88.13016510009766,90.77078247070312,-3.299999952316284,-2.7338666915893555,-2.9000000953674316,-2.545494794845581,0.05000000000000243
508000,0.377,93.0401382446289,93.1391372680664,-2.0999999046325684,-2.4346764087677,-2.4000000953674316,-2.4561288356781006,0.05000000000000186
512000,0.367,92.11265563964844,94.47107696533203,-2.5999999046325684,-2.3524394035339355,-2.5,-2.6640419960021973,0.050000000000001425
516000,0.37325,100.46422576904297,88.1316146850586,-1.0,-2.856297254562378,-3.200000047683716,-2.7328457832336426,0.05000000000000109
520000,0.381,95.49575805664062,98.3252944946289,-2.299999952316284,-2.4342408180236816,-1.7000000476837158,-2.4145619869232178,0.050000000000000835
524000,0.36125,92.07238006591797,95.79639434814453,-2.9000000953674316,-2.717256546020508,-2.0999999046325684,-2.8892157077789307,0.05000000000000064
528000,0.368,86.5711441040039,93.52503967285156,-2.799999952316284,-2.585932970046997,-1.7999999523162842,-2.2063486576080322,0.050000000000000495
532000,0.38375,87.48511505126953,95.36433410644531,-2.700000047683716,-2.5623619556427,-2.5999999046325684,-2.446168899536133,0.05000000000000038
536000,0.37075,92.57933807373047,90.04891967773438,-2.0,-2.2671613693237305,-3.0999999046325684,-2.210858106613159,0.05000000000000029
540000,0.367,93.31360626220703,85.14090728759766,-2.5,-2.3627283573150635,-3.9000000953674316,-2.6669318675994873,0.050000000000000225
544000,0.369,91.32637786865234,88.612060546875,-3.200000047683716,-2.794586420059204,-2.799999952316284,-2.3040196895599365,0.05000000000000017
548000,0.38075,94.42808532714844,89.38089752197266,-2.200000047683716,-2.353415012359619,-2.9000000953674316,-2.3551025390625,0.050000000000000135
552000,0.3885,94.76618194580078,92.95538330078125,-2.5999999046325684,-2.5064544677734375,-2.299999952316284,-2.162968635559082,0.0500000000000001
556000,0.38125,96.64926147460938,95.85345458984375,-1.5,-1.9642361402511597,-1.399999976158142,-2.0607638359069824,0.05000000000000008
560000,0.37125,88.94143676757812,90.60173034667969,-2.5999999046325684,-2.5302982330322266,-2.799999952316284,-2.3425536155700684,0.05000000000000006
564000,0.38125,90.6550521850586,92.06808471679688,-2.9000000953674316,-2.1914732456207275,-2.5,-2.1970837116241455,0.050000000000000044
568000,0.38025,93.93334197998047,97.30307006835938,-3.0,-2.000490427017212,-1.600000023841858,-1.733549952507019,0.05000000000000004
572000,0.37125,91.13362121582031,85.31680297851562,-2.200000047683716,-2.485836982727051,-3.5,-2.715064764022827,0.05000000000000003
576000,0.37575,86.6145248413086,94.49838256835938,-3.200000047683716,-2.5913355350494385,-2.200000047683716,-2.617114782333374,0.050000000000000024
580000,0.3805,90.63931274414062,93.04122161865234,-1.7999999523162842,-2.0388176441192627,-2.0999999046325684,-2.2108192443847656,0.05000000000000002
584000,0.36775,93.83149719238281,95.46471405029297,-2.5,-2.804764747619629,-2.200000047683716,-2.505554676055908,0.05000000000000002
588000,0.3765,94.51983642578125,90.82833099365234,-2.200000047683716,-2.173802137374878,-2.4000000953674316,-2.1207644939422607,0.05000000000000001
592000,0.37675,84.53114318847656,99.26496124267578,-3.799999952316284,-2.672990083694458,-1.2999999523162842,-2.444157838821411,0.05000000000000001
596000,0.38075,93.68767547607422,88.42304992675781,-2.9000000953674316,-2.186044216156006,-3.799999952316284,-2.147202491760254,0.05000000000000001
600000,0.377,92.19154357910156,94.19837951660156,-2.200000047683716,-2.08587908744812,-2.0,-2.5278029441833496,0.05000000000000001
604000,0.37575,91.18347930908203,92.54214477539062,-2.5,-2.202894687652588,-2.5999999046325684,-2.5327956676483154,0.05
608000,0.3735,95.29425048828125,96.90254211425781,-2.0,-2.0834319591522217,-1.7000000476837158,-2.240584373474121,0.05
612000,0.377,96.8871078491211,91.69075012207031,-1.600000023841858,-2.31282114982605,-2.5999999046325684,-2.5000970363616943,0.05
616000,0.38525,93.23577880859375,87.85298919677734,-2.9000000953674316,-2.108743667602539,-3.299999952316284,-1.8410128355026245,0.05
620000,0.3815,98.65203094482422,90.36358642578125,-0.8999999761581421,-2.2183709144592285,-3.0,-2.214932441711426,0.05
624000,0.3825,92.51276397705078,93.885009765625,-2.299999952316284,-2.2806105613708496,-2.0999999046325684,-2.292984962463379,0.05
628000,0.3695,97.63439178466797,97.12689208984375,-1.7999999523162842,-2.7394046783447266,-1.399999976158142,-2.58447265625,0.05
632000,0.367,90.02082824707031,85.05838775634766,-2.5,-2.3047189712524414,-3.700000047683716,-2.537484645843506,0.05
636000,0.3835,92.2145004272461,93.79810333251953,-2.700000047683716,-2.1719956398010254,-1.899999976158142,-2.5318667888641357,0.05
640000,0.362,89.89905548095703,89.58915710449219,-3.200000047683716,-2.6778676509857178,-2.9000000953674316,-2.725759983062744,0.05
644000,0.3815,90.92256927490234,92.86443328857422,-2.5,-2.5539121627807617,-2.4000000953674316,-2.969964027404785,0.05
648000,0.36975,94.73336029052734,89.3871841430664,-2.200000047683716,-2.524113178253174,-3.5,-2.3416717052459717,0.05
652000,0.37975,100.11931610107422,100.86543273925781,-1.100000023841858,-1.8969032764434814,-0.8999999761581421,-2.098583459854126,0.05
656000,0.39775,98.2900619506836,86.8943099975586,-1.0,-1.7676749229431152,-3.5,-1.727001667022705,0.05
660000,0.38,90.0159683227539,92.04328918457031,-2.5999999046325684,-2.1498656272888184,-2.5,-2.0593764781951904,0.05
664000,0.37975,97.78375244140625,96.12657928466797,-0.800000011920929,-2.279604911804199,-2.299999952316284,-2.6666336059570312,0.05
668000,0.368,92.44927978515625,87.85425567626953,-2.299999952316284,-2.294745445251465,-3.0999999046325684,-2.7746660709381104,0.05
672000,0.36875,88.84278106689453,98.3014144897461,-2.5999999046325684,-2.6165599822998047,-1.2999999523162842,-2.4269232749938965,0.05
676000,0.3805,87.86150360107422,92.8495864868164,-3.0,-2.3447344303131104,-2.5,-2.4435958862304688,0.05
680000,0.38,91.77145385742188,91.6355972290039,-2.700000047683716,-2.3054606914520264,-2.0999999046325684,-2.235595941543579,0.05
684000,0.37375,93.27862548828125,91.42280578613281,-1.600000023841858,-2.1461234092712402,-2.299999952316284,-2.1537468433380127,0.05
688000,0.374,88.39286804199219,97.66632080078125,-3.200000047683716,-2.2744193077087402,-1.2999999523162842,-2.5935170650482178,0.05
692000,0.3785,93.72370910644531,93.3414535522461,-2.0999999046325684,-2.2538883686065674,-2.5,-2.0582497119903564,0.05
696000,0.37575,90.80809783935547,101.10336303710938,-2.700000047683716,-2.4928979873657227,-1.2999999523162842,-2.537580966949463,0.05
700000,0.37325,95.66242980957031,94.39850616455078,-1.7999999523162842,-2.923661231994629,-2.4000000953674316,-2.639014482498169,0.05
704000,0.38675,87.79414367675781,89.2636947631836,-2.5999999046325684,-2.1685454845428467,-3.0999999046325684,-2.332852602005005,0.05
708000,0.36775,85.0670394897461,95.335693359375,-3.5,-2.756068706512451,-2.0999999046325684,-2.549821376800537,0.05
712000,0.39425,86.86042785644531,94.62397766113281,-2.0999999046325684,-2.049419641494751,-1.5,-2.1073074340820312,0.05
716000,0.37725,91.06106567382812,94.90985107421875,-2.5999999046325684,-2.5835001468658447,-2.4000000953674316,-2.516009569168091,0.05
720000,0.37925,91.65634155273438,92.33258056640625,-2.0999999046325684,-2.145742416381836,-2.0999999046325684,-2.535088062286377,0.05
724000,0.401,92.90348815917969,88.44300079345703,-1.899999976158142,-2.0862016677856445,-2.4000000953674316,-2.0049233436584473,0.05
728000,0.37125,91.61857604980469,83.98721313476562,-2.0,-2.673893451690674,-3.5999999046325684,-2.5410213470458984,0.05
732000,0.3735,90.02549743652344,92.43733215332031,-1.899999976158142,-2.621699571609497,-2.5,-2.535911798477173,0.05
736000,0.37725,90.71404266357422,92.05307006835938,-1.5,-1.7340943813323975,-2.5,-2.236844778060913,0.05
740000,0.376,90.02822875976562,93.77981567382812,-2.0999999046325684,-1.8647171258926392,-2.4000000953674316,-2.330864667892456,0.05
744000,0.38775,96.00902557373047,94.96849822998047,-2.299999952316284,-2.0025131702423096,-1.7999999523162842,-1.8530590534210205,0.05
748000,0.366,92.04266357421875,94.48363494873047,-3.0,-2.197019577026367,-2.5,-2.3293416500091553,0.05
752000,0.37225,92.50166320800781,92.36707305908203,-1.5,-2.5794405937194824,-2.4000000953674316,-2.2364542484283447,0.05
756000,0.39425,89.3973159790039,92.51412200927734,-3.0999999046325684,-2.0886881351470947,-2.9000000953674316,-2.325388193130493,0.05
760000,0.38125,86.55712127685547,93.57032012939453,-2.0999999046325684,-1.8992736339569092,-1.7999999523162842,-2.056185245513916,0.05
764000,0.37475,93.1811752319336,93.79700469970703,-2.0999999046325684,-2.440288782119751,-2.0,-2.6269893646240234,0.05
768000,0.37375,87.76284790039062,91.3871841430664,-2.9000000953674316,-2.343471050262451,-3.0,-2.3325095176696777,0.05
772000,0.37825,92.50936889648438,85.92741394042969,-2.299999952316284,-2.470792293548584,-3.4000000953674316,-2.6074676513671875,0.05
776000,0.36625,88.00431823730469,87.84162902832031,-2.700000047683716,-2.643052339553833,-3.4000000953674316,-2.7595319747924805,0.05
780000,0.37925,95.38220977783203,91.40310668945312,-1.7999999523162842,-2.489238977432251,-2.9000000953674316,-2.4706499576568604,0.05
784000,0.3745,87.4062728881836,89.85306549072266,-3.5999999046325684,-2.1917145252227783,-3.0,-2.3732237815856934,0.05
788000,0.38725,84.72833251953125,87.8041000366211,-2.5999999046325684,-2.093674421310425,-3.0,-2.1654038429260254,0.05
792000,0.369,84.26679992675781,95.0194320678711,-3.700000047683716,-2.7975356578826904,-2.4000000953674316,-2.9941213130950928,0.05
796000,0.369,87.16834259033203,90.7729721069336,-2.9000000953674316,-2.872978448867798,-3.0999999046325684,-2.6088597774505615,0.05
800000,0.3735,90.94036102294922,96.15338897705078,-2.0999999046325684,-2.317452907562256,-2.0999999046325684,-2.4710733890533447,0.05
804000,0.38175,91.7262954711914,89.39010620117188,-2.299999952316284,-2.3430609703063965,-2.700000047683716,-2.3199896812438965,0.05
808000,0.386,86.14019775390625,99.50794219970703,-2.5,-2.1470425128936768,-1.100000023841858,-2.148923873901367,0.05
812000,0.38425,94.10336303710938,91.8976821899414,-1.600000023841858,-1.8195853233337402,-2.4000000953674316,-2.1352016925811768,0.05
816000,0.384,88.61331176757812,92.60326385498047,-2.200000047683716,-2.346402645111084,-1.7000000476837158,-2.493696689605713,0.05
820000,0.36925,88.28398132324219,88.51219940185547,-3.200000047683716,-2.705545425415039,-3.5,-2.6944191455841064,0.05
824000,0.3775,94.89522552490234,94.14442443847656,-1.600000023841858,-2.501253128051758,-2.200000047683716,-2.3570609092712402,0.05
828000,0.3865,85.36599731445312,93.18106079101562,-2.4000000953674316,-1.9866280555725098,-1.7999999523162842,-1.9424928426742554,0.05
832000,0.3725,92.41177368164062,87.01545715332031,-1.7999999523162842,-2.677492141723633,-3.4000000953674316,-2.856090784072876,0.05
836000,0.3775,82.7641372680664,91.36205291748047,-3.0999999046325684,-2.3330605030059814,-2.5,-2.265850782394409,0.05
840000,0.376,89.05022430419922,88.00501251220703,-2.5,-2.5686397552490234,-3.0,-2.7392210960388184,0.05
844000,0.36575,88.1059799194336,91.88724517822266,-2.700000047683716,-2.3780343532562256,-2.5999999046325684,-2.298839807510376,0.05
848000,0.3775,91.60806274414062,87.43682861328125,-2.0,-2.4215762615203857,-2.700000047683716,-2.61110258102417,0.05
852000,0.37325,89.86996459960938,96.57093811035156,-1.600000023841858,-2.5454978942871094,-2.0,-2.6350107192993164,0.05
856000,0.37975,88.05720520019531,84.98464965820312,-2.5,-2.3386828899383545,-3.799999952316284,-2.357938766479492,0.05
860000,0.37475,87.49188232421875,92.76244354248047,-1.5,-2.3498001098632812,-1.600000023841858,-2.3795523643493652,0.05
864000,0.379,88.96780395507812,87.0873031616211,-2.299999952316284,-2.7806334495544434,-3.4000000953674316,-2.3525137901306152,0.05
868000,0.374,95.21658325195312,96.25862121582031,-2.0,-2.4296183586120605,-1.899999976158142,-2.50899600982666,0.05
872000,0.399,93.07198333740234,94.8218002319336,-2.0999999046325684,-1.8801556825637817,-1.600000023841858,-1.7331291437149048,0.05
876000,0.381,87.4032211303711,102.10594940185547,-1.600000023841858,-2.1088428497314453,-1.5,-2.446106195449829,0.05
880000,0.3805,88.38277435302734,88.42453002929688,-1.899999976158142,-2.011169672012329,-2.700000047683716,-2.0848686695098877,0.05
884000,0.37375,91.6702651977539,96.73961639404297,-2.0,-2.6843063831329346,-1.7999999523162842,-2.8085925579071045,0.05
888000,0.38075,87.78628540039062,98.50361633300781,-2.200000047683716,-2.265456199645996,-1.2000000476837158,-2.345993757247925,0.05
892000,0.375,84.2322006225586,90.28247833251953,-3.200000047683716,-2.440187931060791,-2.9000000953674316,-2.2725589275360107,0.05
896000,0.3845,93.81523132324219,92.08049011230469,-1.600000023841858,-2.296818971633911,-2.0,-2.089431047439575,0.05
900000,0.38,87.50226593017578,91.3702621459961,-2.299999952316284,-2.2868874073028564,-2.5,-2.116162061691284,0.05
904000,0.3755,94.02288818359375,88.9061508178711,-2.200000047683716,-2.5318570137023926,-2.4000000953674316,-2.4707553386688232,0.05
908000,0.378,81.96155548095703,89.40652465820312,-3.5999999046325684,-2.195850372314453,-2.5999999046325684,-2.805901527404785,0.05
912000,0.3995,90.22789764404297,88.83848571777344,-2.0999999046325684,-1.6900221109390259,-2.4000000953674316,-2.1112606525421143,0.05
916000,0.39875,95.07857513427734,90.09194946289062,-2.0,-1.7692643404006958,-2.4000000953674316,-2.113265037536621,0.05
920000,0.39375,87.21765899658203,89.20794677734375,-2.0,-2.279078245162964,-2.0999999046325684,-1.851057529449463,0.05
924000,0.393,88.52862548828125,89.44082641601562,-2.0999999046325684,-2.1348273754119873,-2.4000000953674316,-2.0536980628967285,0.05
928000,0.3975,88.78324127197266,98.21512603759766,-2.5,-1.8131616115570068,-1.7000000476837158,-2.0683846473693848,0.05
932000,0.37375,83.79499816894531,88.68118286132812,-3.0999999046325684,-2.3076159954071045,-2.5999999046325684,-2.301426410675049,0.05
936000,0.4005,90.79548645019531,95.65214538574219,-1.7000000476837158,-2.2220542430877686,-1.399999976158142,-2.1991214752197266,0.05
940000,0.38925,94.4041519165039,93.7002944946289,-2.5,-2.2408785820007324,-2.5,-2.2314319610595703,0.05
944000,0.399,91.7999038696289,91.0359878540039,-2.9000000953674316,-1.4177747964859009,-2.299999952316284,-1.6619526147842407,0.05
948000,0.39675,91.6812973022461,93.12863159179688,-2.299999952316284,-1.3484983444213867,-1.5,-1.8445408344268799,0.05
952000,0.39075,85.49800872802734,90.10560607910156,-2.9000000953674316,-2.324087619781494,-2.0999999046325684,-1.5795843601226807,0.05
956000,0.3865,85.85281372070312,88.95459747314453,-2.799999952316284,-2.053715705871582,-2.5999999046325684,-2.2569990158081055,0.05
960000,0.4075,85.41342163085938,95.01261901855469,-1.600000023841858,-1.4075689315795898,-1.7999999523162842,-1.6499030590057373,0.05
964000,0.40175,90.40921783447266,94.51646423339844,-1.100000023841858,-1.7068394422531128,-0.800000011920929,-1.8422341346740723,0.05
968000,0.4115,93.73628234863281,96.39183807373047,-1.7000000476837158,-1.8399275541305542,-1.399999976158142,-1.6337388753890991,0.05
972000,0.41825,86.12482452392578,99.13714599609375,-1.399999976158142,-1.4454911947250366,-0.699999988079071,-1.228898286819458,0.05
976000,0.42225,87.26814270019531,94.97209167480469,-2.200000047683716,-1.9510812759399414,-1.7000000476837158,-1.890712022781372,0.05
980000,0.40425,86.70484161376953,91.08537292480469,-2.700000047683716,-1.6221516132354736,-2.5999999046325684,-1.813195824623108,0.05
984000,0.4225,88.32365417480469,92.6215591430664,-1.100000023841858,-1.033475637435913,-0.699999988079071,-1.0884166955947876,0.05
988000,0.43775,91.70783233642578,94.69945526123047,-1.0,-1.57389235496521,-1.100000023841858,-1.082141399383545,0.05
992000,0.4265,88.06974792480469,97.80010986328125,-1.2999999523162842,-1.5292260646820068,-1.0,-1.5255776643753052,0.05
996000,0.45325,85.30929565429688,96.53833770751953,-1.5,-1.1334397792816162,-0.800000011920929,-0.9676281809806824,0.05
1000000,0.444,86.3670425415039,93.30157470703125,-0.800000011920929,-1.300242304801941,-1.2000000476837158,-1.4652453660964966,0.05
1004000,0.44725,88.84114074707031,88.05060577392578,-2.5999999046325684,-1.6263121366500854,-3.0,-1.0514165163040161,0.05
1008000,0.466,93.1950912475586,95.35682678222656,0.20000000298023224,-0.27461379766464233,-0.20000000298023224,-0.5044857263565063,0.05
1012000,0.4605,91.45074462890625,91.99193572998047,0.4000000059604645,-0.674794614315033,-1.100000023841858,-1.0547090768814087,0.05
1016000,0.508,83.84441375732422,92.91650390625,1.2999999523162842,0.4849061071872711,0.10000000149011612,-0.09932649880647659,0.05
1020000,0.50725,86.52278137207031,94.62928009033203,-0.30000001192092896,-0.11403068900108337,1.7999999523162842,0.2955176532268524,0.05
1024000,0.51925,88.12824249267578,92.0628890991211,0.20000000298023224,0.16260188817977905,2.0,0.7433168292045593,0.05
1028000,0.537,79.18956756591797,94.32628631591797,0.20000000298023224,0.6239674091339111,0.0,0.7806128859519958,0.05
1032000,0.52225,83.2286148071289,93.70235443115234,0.20000000298023224,0.4246733784675598,0.0,0.13601012527942657,0.05
1036000,0.5485,83.9921646118164,90.34517669677734,0.30000001192092896,1.7396272420883179,1.899999976158142,0.8632389903068542,0.05
1040000,0.5485,79.8940658569336,93.3268051147461,0.6000000238418579,0.8315241932868958,0.4000000059604645,0.7123586535453796,0.05
1044000,0.54975,79.31278991699219,86.69593811035156,0.699999988079071,1.0026264190673828,1.399999976158142,0.963340163230896,0.05
1048000,0.558,74.9229507446289,89.16120910644531,1.2999999523162842,1.3520599603652954,0.4000000059604645,0.8274130821228027,0.05
1052000,0.5505,70.72763061523438,88.46490478515625,-0.30000001192092896,0.939332902431488,1.100000023841858,1.5553207397460938,0.05
1056000,0.56075,74.96591186523438,89.35358428955078,0.699999988079071,1.1929316520690918,1.2999999523162842,1.0039608478546143,0.05
1060000,0.5655,73.89690399169922,87.6201171875,1.2999999523162842,1.330928087234497,0.8999999761581421,1.4139105081558228,0.05
1064000,0.5695,73.07060241699219,89.57320404052734,1.7000000476837158,1.8448731899261475,0.0,1.3047378063201904,0.05
1068000,0.56275,68.3364486694336,90.11568450927734,1.2000000476837158,1.3719871044158936,0.6000000238418579,1.4230471849441528,0.05
1072000,0.5675,77.78764343261719,96.04732513427734,2.0999999046325684,1.0897760391235352,0.4000000059604645,0.828927755355835,0.05
1076000,0.58525,72.16072082519531,92.79476928710938,1.600000023841858,1.4023921489715576,1.100000023841858,1.5707581043243408,0.05
1080000,0.56875,77.98811340332031,85.44196319580078,1.7999999523162842,1.6945385932922363,1.7000000476837158,1.0297678709030151,0.05
1084000,0.57425,72.45405578613281,90.5649185180664,2.5,1.8533046245574951,1.899999976158142,1.466166377067566,0.05
1088000,0.5655,73.40156555175781,91.7083969116211,2.0,1.2150193452835083,1.399999976158142,0.9244921803474426,0.05
1092000,0.588,79.3582992553711,87.10924530029297,0.8999999761581421,1.9122995138168335,1.600000023841858,1.5500178337097168,0.05
1096000,0.588,66.77613830566406,84.81671142578125,2.9000000953674316,2.4631528854370117,1.2999999523162842,1.5575251579284668,0.05
1100000,0.584,68.05016326904297,83.13444519042969,1.7000000476837158,2.5900495052337646,1.899999976158142,1.6066606044769287,0.05
1104000,0.5965,77.43620300292969,77.58367156982422,2.0999999046325684,2.2189998626708984,3.5,1.8982138633728027,0.05
1108000,0.5955,70.13118743896484,83.06784057617188,1.399999976158142,1.8085538148880005,1.100000023841858,1.4888888597488403,0.05
1112000,0.59,69.21305847167969,78.24848937988281,1.7999999523162842,1.5183013677597046,2.0,2.532834053039551,0.05
1116000,0.60575,79.422607421875,84.48863983154297,2.9000000953674316,2.336399793624878,1.899999976158142,1.5612189769744873,0.05
1120000,0.6065,66.5918960571289,89.39958953857422,2.299999952316284,2.1841886043548584,2.0999999046325684,1.8188354969024658,0.05
1124000,0.62225,69.53722381591797,89.3576431274414,3.200000047683716,2.6857833862304688,1.7000000476837158,2.109645366668701,0.05
1128000,0.612,69.5465316772461,85.60017395019531,2.0,2.80436372756958,2.5999999046325684,2.331364393234253,0.05
1132000,0.60725,67.1716079711914,87.47857666015625,3.4000000953674316,2.6844494342803955,2.9000000953674316,2.642256498336792,0.05
1136000,0.60275,65.6331558227539,79.80978393554688,2.799999952316284,2.680659770965576,2.5,2.4996213912963867,0.05
1140000,0.6125,66.18600463867188,82.53585815429688,2.4000000953674316,2.054908275604248,4.099999904632568,1.949243187904358,0.05
1144000,0.62875,76.45317077636719,82.52291870117188,4.099999904632568,1.5829211473464966,3.4000000953674316,2.1175038814544678,0.05
1148000,0.62925,72.65547943115234,80.3282699584961,3.0,2.5849297046661377,3.0999999046325684,2.147979259490967,0.05
1152000,0.618,70.73499298095703,79.71302032470703,1.899999976158142,2.1317930221557617,3.299999952316284,2.5588037967681885,0.05
1156000,0.6265,71.01155090332031,82.87340545654297,1.2999999523162842,2.3467180728912354,3.0999999046325684,2.370695114135742,0.05
1160000,0.63575,70.90564727783203,82.95706176757812,2.9000000953674316,2.3916983604431152,3.299999952316284,2.5220470428466797,0.05
1164000,0.61375,67.84494018554688,88.70936584472656,2.299999952316284,2.5202672481536865,1.100000023841858,2.4510297775268555,0.05
1168000,0.6255,74.52674865722656,77.61093139648438,2.9000000953674316,2.8439722061157227,3.0,2.688814640045166,0.05
1172000,0.6295,69.30339813232422,75.56000518798828,3.0,2.431199789047241,4.0,2.5537612438201904,0.05
1176000,0.63025,71.18315887451172,83.37002563476562,1.7000000476837158,2.1710751056671143,2.799999952316284,2.9054040908813477,0.05
1180000,0.62225,67.25786590576172,87.8351058959961,1.899999976158142,1.9154906272888184,2.0,1.8188090324401855,0.05
1184000,0.63,78.03792572021484,76.45159912109375,1.5,2.1545004844665527,3.4000000953674316,2.350123643875122,0.05
1188000,0.6335,72.54798126220703,81.69200134277344,3.299999952316284,2.8905234336853027,2.0,2.5563008785247803,0.05
1192000,0.62975,76.12307739257812,77.37190246582031,2.4000000953674316,3.132383346557617,2.5999999046325684,3.0160858631134033,0.05
1196000,0.65175,71.89827728271484,88.82919311523438,3.0999999046325684,2.8260622024536133,2.200000047683716,2.589475154876709,0.05
1200000,0.6325,68.54452514648438,82.71180725097656,3.0999999046325684,2.8536007404327393,3.0999999046325684,2.8240606784820557,0.05
1204000,0.6305,63.725914001464844,80.03292846679688,2.299999952316284,2.495957136154175,2.0,2.362445116043091,0.05
1208000,0.64375,62.22138977050781,79.50232696533203,2.5999999046325684,3.047104597091675,3.200000047683716,2.4434478282928467,0.05
1212000,0.62175,62.67698287963867,78.99591827392578,2.0,2.165107011795044,2.700000047683716,2.059218645095825,0.05
1216000,0.64025,70.28414916992188,79.21533966064453,3.9000000953674316,2.795248508453369,3.299999952316284,3.2387588024139404,0.05
1220000,0.626,67.55061340332031,69.69107055664062,2.5,2.840449571609497,3.0999999046325684,2.7616803646087646,0.05
1224000,0.624,62.214447021484375,78.61398315429688,1.600000023841858,2.3445653915405273,2.5999999046325684,2.415064573287964,0.05
1228000,0.63,71.87349700927734,79.79451751708984,3.0,2.9142708778381348,3.5,2.354264974594116,0.05
1232000,0.63775,67.56909942626953,74.22074890136719,3.700000047683716,2.9998278617858887,2.799999952316284,3.424258232116699,0.05
1236000,0.64,75.36927795410156,83.645751953125,2.0999999046325684,2.372678756713867,2.200000047683716,2.459242105484009,0.05
1240000,0.6335,71.6575927734375,81.7701187133789,2.799999952316284,2.224313974380493,2.4000000953674316,2.461289882659912,0.05
1244000,0.64475,66.67655944824219,81.12274169921875,2.299999952316284,2.7720935344696045,2.200000047683716,2.960273027420044,0.05
1248000,0.65025,64.01879119873047,81.69419860839844,3.200000047683716,2.994805097579956,2.299999952316284,2.6414542198181152,0.05
1252000,0.64525,66.69657897949219,79.03386688232422,3.4000000953674316,2.8420026302337646,3.9000000953674316,3.200913429260254,0.05
1256000,0.6485,74.22927856445312,87.18865203857422,2.299999952316284,2.5544073581695557,2.5999999046325684,2.7082793712615967,0.05
1260000,0.63525,68.9011459350586,81.00326538085938,1.399999976158142,2.513964891433716,3.5,2.7476983070373535,0.05
1264000,0.64875,72.92088317871094,81.4147720336914,3.200000047683716,3.244119882583618,2.799999952316284,3.0317447185516357,0.05
1268000,0.6255,70.29278564453125,82.93614959716797,2.5999999046325684,1.9670441150665283,1.7999999523162842,1.9041244983673096,0.05
1272000,0.6495,66.30935668945312,70.67390441894531,3.5999999046325684,3.365377426147461,3.4000000953674316,2.6080291271209717,0.05
1276000,0.65425,63.85197448730469,70.63614654541016,2.700000047683716,2.65046763420105,4.099999904632568,3.105933427810669,0.05
1280000,0.63575,66.99144744873047,80.79402160644531,2.0999999046325684,2.299504280090332,2.700000047683716,2.6109671592712402,0.05
1284000,0.64925,76.42376708984375,78.07054138183594,2.799999952316284,2.9653255939483643,2.9000000953674316,2.5251290798187256,0.05
1288000,0.65325,56.029293060302734,81.5813217163086,4.199999809265137,3.362011432647705,2.799999952316284,3.15669322013855,0.05
1292000,0.67225,73.80158996582031,80.77571105957031,3.0,3.1636013984680176,3.0,2.9301035404205322,0.05
1296000,0.6615,69.60607147216797,77.9589614868164,3.5999999046325684,2.600707769393921,2.9000000953674316,2.542534828186035,0.05
1300000,0.65325,68.77700805664062,77.99047088623047,3.5999999046325684,2.790508985519409,3.4000000953674316,2.9278881549835205,0.05
1304000,0.65025,63.656944274902344,76.50080871582031,3.799999952316284,2.938396692276001,3.5,2.544341564178467,0.05
1308000,0.656,68.68862915039062,77.77503204345703,2.299999952316284,2.5698299407958984,2.5,2.829561233520508,0.05
1312000,0.64425,65.84827423095703,72.0666732788086,4.099999904632568,2.5466887950897217,4.400000095367432,3.1694562435150146,0.05
1316000,0.66825,63.99897003173828,77.59736633300781,3.700000047683716,3.436361312866211,2.5999999046325684,3.110034704208374,0.05
1320000,0.66225,76.97976684570312,76.16017150878906,2.700000047683716,3.0393571853637695,4.0,2.902888298034668,0.05
1324000,0.6745,64.24634552001953,76.1594467163086,4.400000095367432,2.9971959590911865,4.0,2.94881534576416,0.05
1328000,0.66075,63.834716796875,78.84136962890625,3.700000047683716,3.262063503265381,3.5999999046325684,3.592543125152588,0.05
1332000,0.66375,59.14934539794922,79.45317077636719,3.299999952316284,3.8401496410369873,2.799999952316284,3.4380548000335693,0.05
1336000,0.65325,64.23521423339844,80.23709106445312,3.200000047683716,3.1054272651672363,2.0,3.158433198928833,0.05
1340000,0.6665,57.60444259643555,71.8847427368164,3.5,3.5794756412506104,4.099999904632568,3.74575138092041,0.05
1344000,0.6715,75.20004272460938,78.4709701538086,2.799999952316284,3.4955520629882812,3.4000000953674316,3.9140801429748535,0.05
1348000,0.6535,76.13086700439453,87.04388427734375,2.4000000953674316,3.2381601333618164,2.5,3.2823784351348877,0.05
1352000,0.6775,56.258033752441406,80.81206512451172,3.799999952316284,3.1271133422851562,2.5999999046325684,3.353342294692993,0.05
1356000,0.6715,64.70507049560547,73.50472259521484,2.9000000953674316,2.926177978515625,2.5,3.4148988723754883,0.05
1360000,0.66175,68.0566177368164,75.2382583618164,3.299999952316284,3.051459550857544,4.0,3.114555597305298,0.05
1364000,0.66625,67.52301025390625,83.29721069335938,2.799999952316284,3.046722650527954,3.5999999046325684,3.0015454292297363,0.05
1368000,0.676,68.54032897949219,77.65198516845703,3.5,3.2837305068969727,3.0999999046325684,3.416715145111084,0.05
1372000,0.67675,65.4201889038086,70.71856689453125,3.4000000953674316,2.5763089656829834,3.700000047683716,3.3420844078063965,0.05
1376000,0.6665,63.867496490478516,78.57366943359375,4.699999809265137,3.1813204288482666,3.200000047683716,3.345473289489746,0.05
1380000,0.66125,65.44621276855469,68.38959503173828,3.799999952316284,3.074160099029541,4.599999904632568,3.7811319828033447,0.05
1384000,0.678,61.168758392333984,79.91315460205078,4.0,3.506161689758301,3.0,3.4550070762634277,0.05
1388000,0.67375,65.87823486328125,84.9179916381836,3.9000000953674316,2.9499142169952393,3.4000000953674316,2.9763269424438477,0.05
1392000,0.675,63.577178955078125,67.2120590209961,2.700000047683716,3.147397041320801,4.0,3.2928078174591064,0.05
1396000,0.67425,62.70366287231445,67.45059967041016,3.299999952316284,2.760701894760132,4.400000095367432,3.8234567642211914,0.05
1400000,0.66775,64.21826171875,70.77693176269531,4.400000095367432,2.9824182987213135,3.799999952316284,3.6326937675476074,0.05
1404000,0.68475,75.78309631347656,68.86138916015625,2.5,3.2714080810546875,4.199999809265137,3.5522918701171875,0.05
1408000,0.6715,64.67484283447266,85.60995483398438,3.0,3.476896047592163,2.0999999046325684,3.309701442718506,0.05
1412000,0.676,61.93461990356445,74.61397552490234,4.400000095367432,3.399172782897949,3.5999999046325684,3.2948379516601562,0.05
1416000,0.68825,66.59417724609375,75.8698501586914,3.5,3.0723891258239746,3.0,4.0300374031066895,0.05
1420000,0.687,72.8642807006836,73.24330139160156,3.0,2.959752082824707,3.200000047683716,3.5643017292022705,0.05
1424000,0.68625,72.24655151367188,78.29163360595703,3.0,3.3841352462768555,3.5999999046325684,3.801590919494629,0.05
1428000,0.67925,58.302223205566406,80.03777313232422,4.199999809265137,3.335442304611206,2.0999999046325684,3.3359415531158447,0.05
1432000,0.68275,60.436405181884766,73.55242156982422,4.5,3.867926597595215,3.799999952316284,3.2714502811431885,0.05
1436000,0.67225,64.86094665527344,71.56913757324219,3.4000000953674316,3.1535942554473877,3.700000047683716,3.351950168609619,0.05
1440000,0.67925,60.18903350830078,94.81880950927734,3.700000047683716,3.0488064289093018,2.200000047683716,3.173616647720337,0.05
1444000,0.68575,65.31137084960938,74.07038879394531,4.400000095367432,3.5249478816986084,3.799999952316284,3.632519245147705,0.05
1448000,0.67925,64.04907989501953,72.625,2.5,2.6655349731445312,3.9000000953674316,3.2028920650482178,0.05
1452000,0.69875,57.634063720703125,65.23841094970703,3.700000047683716,3.395310163497925,4.800000190734863,3.600029230117798,0.05
1456000,0.668,69.95503234863281,78.29322814941406,3.4000000953674316,2.898232936859131,4.099999904632568,3.6791906356811523,0.05
1460000,0.66725,70.3147201538086,74.39311218261719,3.0999999046325684,3.0153985023498535,3.5999999046325684,3.392040491104126,0.05
1464000,0.6855,59.8332633972168,75.8590316772461,4.400000095367432,3.1396658420562744,3.9000000953674316,3.5515964031219482,0.05
1468000,0.68425,63.51799392700195,69.06564331054688,3.5999999046325684,3.4693028926849365,4.199999809265137,3.599453926086426,0.05
1472000,0.6985,79.27079772949219,64.86148071289062,2.9000000953674316,3.2639687061309814,4.800000190734863,3.9483754634857178,0.05
1476000,0.68825,68.96405029296875,69.19683837890625,3.4000000953674316,3.7448062896728516,4.599999904632568,4.231508255004883,0.05
1480000,0.69775,83.71257019042969,75.55529022216797,3.4000000953674316,3.391340732574463,3.9000000953674316,3.6773271560668945,0.05
1484000,0.69225,69.29220581054688,71.80621337890625,3.799999952316284,3.3816800117492676,3.799999952316284,4.058868885040283,0.05
1488000,0.715,62.60612487792969,74.42381286621094,4.5,4.362697601318359,4.0,4.1977219581604,0.05
1492000,0.68875,67.7706298828125,85.30554962158203,3.799999952316284,3.61799955368042,2.9000000953674316,3.5958075523376465,0.05
1496000,0.71125,53.57721710205078,65.4306640625,5.199999809265137,4.197790145874023,4.699999809265137,4.371039867401123,0.05
1500000,0.71075,58.77593231201172,78.57337951660156,4.699999809265137,3.7800514698028564,4.0,4.172578811645508,0.05
1504000,0.70325,59.586490631103516,86.46326446533203,3.799999952316284,3.742793560028076,3.200000047683716,4.439182281494141,0.05
1508000,0.7115,58.411842346191406,62.194305419921875,4.699999809265137,4.535494804382324,5.0,4.237106800079346,0.05
1512000,0.71725,59.007686614990234,68.7328109741211,5.099999904632568,4.161380767822266,4.599999904632568,4.29144811630249,0.05
1516000,0.70975,72.31350708007812,62.48202133178711,3.700000047683716,3.3837451934814453,5.099999904632568,4.047549724578857,0.05
1520000,0.701,72.91515350341797,72.1805191040039,4.400000095367432,3.9057581424713135,5.0,4.039330005645752,0.05
1524000,0.70475,64.37944030761719,71.74559783935547,3.4000000953674316,3.825946092605591,3.5999999046325684,3.7884819507598877,0.05
1528000,0.70925,59.95890808105469,70.61895751953125,4.599999904632568,4.385250091552734,4.099999904632568,4.144436836242676,0.05
1532000,0.72225,67.64253234863281,78.025634765625,5.400000095367432,3.6113247871398926,3.700000047683716,3.704047203063965,0.05
1536000,0.709,61.185699462890625,72.90660095214844,5.0,3.258105516433716,4.0,4.041886806488037,0.05
1540000,0.7205,66.93618774414062,77.2419662475586,4.199999809265137,3.85573148727417,4.300000190734863,4.459600925445557,0.05
1544000,0.72375,76.87284851074219,61.49245071411133,4.699999809265137,4.775067329406738,5.199999809265137,4.635700702667236,0.05
1548000,0.721,64.70121765136719,66.97998809814453,4.400000095367432,3.666062116622925,5.0,4.248303413391113,0.05
1552000,0.73275,60.2342643737793,82.61847686767578,4.300000190734863,4.522148609161377,3.700000047683716,4.9402313232421875,0.05
1556000,0.7255,67.69340515136719,65.51240539550781,4.199999809265137,3.9141342639923096,4.300000190734863,4.0905961990356445,0.05
1560000,0.72925,55.937957763671875,63.26689529418945,4.0,4.1404032707214355,4.900000095367432,4.283524990081787,0.05
1564000,0.727,60.25584030151367,66.87686157226562,4.699999809265137,3.8423514366149902,4.599999904632568,4.269178867340088,0.05
1568000,0.72575,57.74063491821289,66.60053253173828,4.800000190734863,4.092776298522949,4.400000095367432,4.553945541381836,0.05
1572000,0.731,51.71475601196289,57.1566276550293,5.5,4.994598388671875,5.800000190734863,5.102435111999512,0.05
1576000,0.7375,64.89712524414062,65.32241821289062,4.300000190734863,4.589387893676758,4.5,4.842077732086182,0.05
1580000,0.739,60.71958541870117,61.741065979003906,4.400000095367432,3.5833892822265625,4.800000190734863,4.717918872833252,0.05
1584000,0.739,53.857215881347656,67.78926849365234,5.5,4.667873859405518,5.099999904632568,4.6662397384643555,0.05
1588000,0.73875,57.03644943237305,74.7741928100586,4.800000190734863,4.671218395233154,3.799999952316284,4.760389804840088,0.05
1592000,0.732,61.18268585205078,61.80866622924805,5.0,4.437526702880859,5.5,4.882096767425537,0.05
1596000,0.74275,62.63771438598633,61.74397277832031,4.5,4.079929828643799,5.400000095367432,4.643686771392822,0.05
1600000,0.73625,59.53309631347656,65.92229461669922,4.699999809265137,3.5832746028900146,4.099999904632568,3.908374547958374,0.05
1604000,0.74975,63.99357604980469,57.459442138671875,4.199999809265137,4.421616077423096,5.099999904632568,4.593924522399902,0.05
1608000,0.74775,60.17318344116211,63.53672790527344,4.900000095367432,4.4121527671813965,5.5,4.680552959442139,0.05
1612000,0.745,52.21986389160156,68.5350112915039,6.0,4.794952392578125,4.699999809265137,4.8393940925598145,0.05
1616000,0.7525,53.006526947021484,62.61656188964844,5.400000095367432,5.148108005523682,5.599999904632568,5.187930107116699,0.05
1620000,0.75375,54.596710205078125,66.3259506225586,4.800000190734863,4.518858432769775,5.0,4.935340881347656,0.05
1624000,0.74475,62.059295654296875,62.389495849609375,5.0,4.317180156707764,5.5,4.842813014984131,0.05
1628000,0.756,61.5540885925293,61.35248565673828,4.599999904632568,4.548490524291992,4.699999809265137,4.7114338874816895,0.05
1632000,0.7355,65.0859375,51.562503814697266,4.900000095367432,4.2876386642456055,6.199999809265137,4.973721981048584,0.05
1636000,0.76975,58.259315490722656,61.83456039428711,5.5,5.044259548187256,5.199999809265137,5.0771379470825195,0.05
1640000,0.75775,50.507286071777344,56.35652160644531,5.800000190734863,4.810255527496338,5.099999904632568,5.2031636238098145,0.05
1644000,0.75425,60.487178802490234,56.9047737121582,5.199999809265137,5.2829976081848145,5.199999809265137,4.697524547576904,0.05
1648000,0.75425,56.29155349731445,73.15097045898438,4.599999904632568,4.49117374420166,4.099999904632568,4.422014236450195,0.05
1652000,0.766,52.84825134277344,60.74724197387695,5.900000095367432,5.151149272918701,5.0,4.979712009429932,0.05
1656000,0.75825,55.000038146972656,62.881526947021484,5.5,4.663156509399414,5.0,5.0105390548706055,0.05
1660000,0.769,69.95922088623047,65.1201171875,4.599999904632568,4.6952338218688965,4.699999809265137,5.30687141418457,0.05
1664000,0.76625,61.606231689453125,47.532161712646484,5.0,4.968752861022949,6.699999809265137,5.117324352264404,0.05
1668000,0.765,47.496341705322266,53.521385192871094,5.900000095367432,5.751628875732422,5.900000095367432,5.8829345703125,0.05
1672000,0.7595,55.14067459106445,61.589080810546875,4.300000190734863,4.794925212860107,4.900000095367432,5.323060512542725,0.05
1676000,0.76025,54.753028869628906,53.552001953125,4.900000095367432,5.02529239654541,6.300000190734863,5.849862575531006,0.05
1680000,0.76075,52.56724548339844,59.97726058959961,5.599999904632568,4.468040943145752,5.300000190734863,5.3798441886901855,0.05
1684000,0.777,42.233314514160156,64.5157699584961,6.699999809265137,5.536077976226807,5.0,4.984096527099609,0.05
1688000,0.77925,48.24894714355469,59.95638656616211,5.900000095367432,5.9115824699401855,5.599999904632568,5.780966758728027,0.05
1692000,0.776,62.125240325927734,58.411285400390625,5.0,5.049333095550537,5.099999904632568,5.671119213104248,0.05
1696000,0.78625,52.963897705078125,51.639530181884766,6.0,5.395076751708984,5.5,5.530169486999512,0.05
1700000,0.77775,53.560333251953125,58.09052658081055,6.099999904632568,5.661809921264648,5.599999904632568,5.682054042816162,0.05
1704000,0.77,56.44550323486328,72.13243103027344,5.300000190734863,5.122353553771973,4.400000095367432,5.713516712188721,0.05
1708000,0.77975,55.61399841308594,57.59111022949219,5.699999809265137,4.608821392059326,5.699999809265137,4.930270195007324,0.05
1712000,0.7675,54.366703033447266,62.98670959472656,4.5,4.624383926391602,5.199999809265137,4.89332389831543,0.05
1716000,0.78025,62.66432189941406,61.05543518066406,5.5,4.703418731689453,4.900000095367432,5.116408824920654,0.05
1720000,0.77525,46.544315338134766,63.869136810302734,5.199999809265137,5.5000481605529785,5.0,5.373478889465332,0.05
1724000,0.78525,59.37590789794922,60.55250930786133,5.900000095367432,4.977991580963135,5.099999904632568,5.10689115524292,0.05
1728000,0.7785,52.32558059692383,63.510597229003906,6.400000095367432,5.2227702140808105,5.699999809265137,5.057722568511963,0.05
1732000,0.77975,49.13011169433594,77.03359985351562,6.099999904632568,5.702642440795898,3.9000000953674316,5.237208843231201,0.05
1736000,0.787,60.30862808227539,59.2626953125,5.599999904632568,5.543406963348389,5.400000095367432,5.41469669342041,0.05
1740000,0.78675,56.1575927734375,47.61130905151367,5.5,5.136503219604492,5.5,5.6285834312438965,0.05
1744000,0.80075,56.35940933227539,47.378658294677734,5.800000190734863,5.3078460693359375,7.300000190734863,5.766389846801758,0.05
1748000,0.7865,66.44123840332031,48.47966003417969,5.099999904632568,5.298201084136963,6.099999904632568,5.366647243499756,0.05
1752000,0.7775,50.99245071411133,51.885643005371094,5.900000095367432,5.314083099365234,5.0,4.922677993774414,0.05
1756000,0.792,46.862220764160156,55.766517639160156,6.300000190734863,4.956207752227783,5.5,5.298152923583984,0.05
1760000,0.79025,51.021522521972656,50.36655807495117,6.199999809265137,5.655833721160889,5.800000190734863,5.185856819152832,0.05
1764000,0.77875,59.57268142700195,62.47923278808594,5.300000190734863,5.294382095336914,4.599999904632568,4.913755416870117,0.05
1768000,0.7935,49.086490631103516,49.212345123291016,6.0,5.286803722381592,5.900000095367432,5.426690101623535,0.05
1772000,0.78425,49.15672302246094,45.053096771240234,6.0,5.625056266784668,5.900000095367432,5.421504020690918,0.05
1776000,0.79,59.74105453491211,57.1589469909668,5.800000190734863,5.192214488983154,5.5,5.572800159454346,0.05
1780000,0.7875,57.052032470703125,53.74519348144531,5.5,5.23000431060791,5.900000095367432,5.360882759094238,0.05
1784000,0.79175,54.72279357910156,56.293601989746094,5.5,5.126081466674805,5.800000190734863,5.6549482345581055,0.05
1788000,0.7905,58.95152282714844,54.891483306884766,5.5,5.292269229888916,6.300000190734863,5.420029163360596,0.05
1792000,0.804,51.696876525878906,50.242034912109375,5.900000095367432,5.6948652267456055,6.099999904632568,6.177588939666748,0.05
1796000,0.8105,50.20183181762695,47.40888977050781,6.699999809265137,6.391391754150391,6.800000190734863,6.830658435821533,0.05
1800000,0.80175,51.55751419067383,53.99876403808594,6.5,5.646090030670166,6.0,5.983327865600586,0.05
1804000,0.813,63.968631744384766,50.572731018066406,5.300000190734863,5.424067497253418,5.900000095367432,5.968583583831787,0.05
1808000,0.7995,44.683101654052734,53.20982360839844,5.800000190734863,5.075815200805664,6.0,5.536404609680176,0.05
1812000,0.7945,45.03008270263672,53.945594787597656,6.5,5.584782600402832,5.900000095367432,5.589338302612305,0.05
1816000,0.80975,43.0557746887207,48.691749572753906,6.5,5.588191509246826,6.199999809265137,5.549009323120117,0.05
1820000,0.80375,59.10555648803711,49.05839920043945,5.300000190734863,5.360269069671631,5.199999809265137,5.57692813873291,0.05
1824000,0.801,46.093666076660156,55.003719329833984,5.900000095367432,5.231794834136963,6.0,5.884958267211914,0.05
1828000,0.80675,51.74067306518555,41.95110321044922,5.300000190734863,5.346127986907959,7.199999809265137,6.320571422576904,0.05
1832000,0.79925,44.017189025878906,48.6453971862793,6.300000190734863,5.4214019775390625,6.400000095367432,6.27836799621582,0.05
1836000,0.81125,55.3621940612793,52.78846740722656,5.900000095367432,5.841082572937012,6.199999809265137,6.155370712280273,0.05
1840000,0.80975,44.91831970214844,42.42778015136719,6.099999904632568,6.518894195556641,6.800000190734863,6.1059250831604,0.05
1844000,0.801,47.780845642089844,62.215721130371094,5.699999809265137,5.668766021728516,5.400000095367432,5.499029636383057,0.05
1848000,0.812,58.58074188232422,40.93684005737305,5.0,5.564401626586914,6.599999904632568,6.024684429168701,0.05
1852000,0.80525,52.881107330322266,54.90446472167969,5.199999809265137,5.425609111785889,5.900000095367432,6.089351654052734,0.05
1856000,0.813,42.93313980102539,51.29385757446289,7.099999904632568,5.850583553314209,6.400000095367432,6.160642147064209,0.05
1860000,0.8095,49.32670593261719,49.36225509643555,6.300000190734863,5.776921272277832,6.599999904632568,5.845547676086426,0.05
1864000,0.81725,52.177650451660156,46.842193603515625,5.800000190734863,5.406214714050293,6.5,6.370283126831055,0.05
1868000,0.8235,41.902809143066406,57.351131439208984,6.599999904632568,5.5096354484558105,5.800000190734863,6.105365753173828,0.05
1872000,0.81275,51.69203186035156,49.01322937011719,5.699999809265137,5.887405872344971,6.5,6.484230995178223,0.05
1876000,0.82,43.073883056640625,56.031673431396484,7.0,6.267364978790283,5.800000190734863,6.143557548522949,0.05
1880000,0.81225,42.221988677978516,45.238525390625,6.400000095367432,5.611238479614258,6.599999904632568,6.345153331756592,0.05
1884000,0.81,50.63298034667969,47.734214782714844,6.5,6.161149501800537,6.099999904632568,5.8843770027160645,0.05
1888000,0.82475,46.88424301147461,49.962066650390625,6.199999809265137,5.870471954345703,6.199999809265137,6.164921760559082,0.05
1892000,0.8125,44.88357925415039,39.38487243652344,6.400000095367432,6.378757476806641,7.199999809265137,7.115297794342041,0.05
1896000,0.8215,49.25027847290039,54.1367073059082,6.099999904632568,6.2572245597839355,5.599999904632568,5.422154426574707,0.05
1900000,0.81675,40.095855712890625,40.739891052246094,6.800000190734863,5.734073638916016,6.699999809265137,5.9784064292907715,0.05
1904000,0.81825,52.7601432800293,47.14305114746094,6.300000190734863,6.241988658905029,6.400000095367432,6.340391635894775,0.05
1908000,0.81225,43.737464904785156,50.260414123535156,6.300000190734863,5.877458572387695,6.5,6.484108924865723,0.05
1912000,0.81375,44.928279876708984,48.28777313232422,6.800000190734863,5.9542131423950195,6.400000095367432,5.952604293823242,0.05
1916000,0.8205,51.101009368896484,42.38291931152344,6.599999904632568,5.292622089385986,7.199999809265137,6.202735424041748,0.05
1920000,0.8165,42.618263244628906,33.61732482910156,7.0,6.534258842468262,7.599999904632568,6.559695243835449,0.05
1924000,0.8205,51.14497375488281,57.65058135986328,5.5,6.275163650512695,5.400000095367432,6.415714263916016,0.05
1928000,0.81075,46.856624603271484,41.729759216308594,6.599999904632568,6.01151180267334,6.400000095367432,6.109184741973877,0.05
1932000,0.82425,44.19004440307617,44.71394348144531,6.599999904632568,6.293718338012695,7.199999809265137,6.541139602661133,0.05
1936000,0.8235,51.32638168334961,49.661739349365234,5.900000095367432,6.008650302886963,6.400000095367432,6.086092948913574,0.05
1940000,0.81575,45.85391616821289,44.512451171875,6.699999809265137,6.3517889976501465,6.900000095367432,6.0486159324646,0.05
1944000,0.82,44.93056106567383,45.84634780883789,6.800000190734863,6.491566181182861,6.5,6.575212001800537,0.05
1948000,0.82275,52.06560134887695,56.93955993652344,6.0,6.139822959899902,5.599999904632568,6.414274215698242,0.05
1952000,0.81925,46.54832077026367,63.16585922241211,6.199999809265137,5.8517608642578125,5.599999904632568,6.692117214202881,0.05
1956000,0.831,37.593990325927734,45.3945198059082,8.0,6.218710899353027,6.5,6.414191246032715,0.05
1960000,0.81975,54.836490631103516,55.16261291503906,6.300000190734863,6.030037879943848,6.0,6.397331714630127,0.05
1964000,0.82425,45.65363311767578,46.29448699951172,6.800000190734863,6.725330352783203,6.599999904632568,6.224113941192627,0.05
1968000,0.824,40.47090530395508,41.561729431152344,6.5,5.781807899475098,6.800000190734863,6.4540629386901855,0.05
1972000,0.8255,45.57976531982422,55.68748092651367,6.800000190734863,6.326056003570557,5.900000095367432,6.6617913246154785,0.05
1976000,0.82475,34.672279357910156,43.76707458496094,7.199999809265137,5.859838962554932,6.400000095367432,6.495003700256348,0.05
1980000,0.82675,46.93901443481445,43.4611930847168,6.599999904632568,6.22978401184082,6.800000190734863,6.9315972328186035,0.05
1984000,0.822,45.5336799621582,46.915985107421875,6.800000190734863,5.9654221534729,6.800000190734863,6.3901238441467285,0.05
1988000,0.81675,51.324462890625,52.410099029541016,5.5,6.048621654510498,5.400000095367432,6.212378025054932,0.05
1992000,0.82075,42.856632232666016,54.1618766784668,6.800000190734863,6.124851226806641,5.900000095367432,6.171741962432861,0.05
1996000,0.82875,44.587039947509766,44.2337760925293,6.599999904632568,6.807545185089111,7.0,6.615213394165039,0.05
